Product code,Bureau of Meteorology station number,Year,Month,Day,Minimum temperature (Degree C),Days of accumulation of minimum temperature,Quality
IDCJAC0011,086071,2013,01,01,15.4,1,Y
IDCJAC0011,086071,2013,01,02,15.3,1,Y
IDCJAC0011,086071,2013,01,03,13.7,1,Y
IDCJAC0011,086071,2013,01,04,19.5,1,Y
IDCJAC0011,086071,2013,01,05,20,1,Y
IDCJAC0011,086071,2013,01,06,16.7,1,Y
IDCJAC0011,086071,2013,01,07,16.2,1,Y
IDCJAC0011,086071,2013,01,08,18.3,1,Y
IDCJAC0011,086071,2013,01,09,13.1,1,Y
IDCJAC0011,086071,2013,01,10,14.2,1,Y
IDCJAC0011,086071,2013,01,11,17.3,1,Y
IDCJAC0011,086071,2013,01,12,16.6,1,Y
IDCJAC0011,086071,2013,01,13,16.2,1,Y
IDCJAC0011,086071,2013,01,14,14.1,1,Y
IDCJAC0011,086071,2013,01,15,12.5,1,Y
IDCJAC0011,086071,2013,01,16,14.9,1,Y
IDCJAC0011,086071,2013,01,17,15.6,1,Y
IDCJAC0011,086071,2013,01,18,20.5,1,Y
IDCJAC0011,086071,2013,01,19,16.9,1,Y
IDCJAC0011,086071,2013,01,20,14.5,1,Y
IDCJAC0011,086071,2013,01,21,17.1,1,Y
IDCJAC0011,086071,2013,01,22,17.9,1,Y
IDCJAC0011,086071,2013,01,23,16.5,1,Y
IDCJAC0011,086071,2013,01,24,15,1,Y
IDCJAC0011,086071,2013,01,25,19.4,1,Y
IDCJAC0011,086071,2013,01,26,16.3,1,Y
IDCJAC0011,086071,2013,01,27,15,1,Y
IDCJAC0011,086071,2013,01,28,15.9,1,Y
IDCJAC0011,086071,2013,01,29,14.5,1,Y
IDCJAC0011,086071,2013,01,30,12.2,1,Y
IDCJAC0011,086071,2013,01,31,16.2,1,Y
IDCJAC0011,086071,2013,02,01,12.2,1,Y
IDCJAC0011,086071,2013,02,02,13.9,1,Y
IDCJAC0011,086071,2013,02,03,16.1,1,Y
IDCJAC0011,086071,2013,02,04,17.2,1,Y
IDCJAC0011,086071,2013,02,05,15.9,1,Y
IDCJAC0011,086071,2013,02,06,16.1,1,Y
IDCJAC0011,086071,2013,02,07,20.1,1,Y
IDCJAC0011,086071,2013,02,08,18.1,1,Y
IDCJAC0011,086071,2013,02,09,16.5,1,Y
IDCJAC0011,086071,2013,02,10,15.6,1,Y
IDCJAC0011,086071,2013,02,11,15.9,1,Y
IDCJAC0011,086071,2013,02,12,16.2,1,Y
IDCJAC0011,086071,2013,02,13,15.7,1,Y
IDCJAC0011,086071,2013,02,14,18.8,1,Y
IDCJAC0011,086071,2013,02,15,19.7,1,Y
IDCJAC0011,086071,2013,02,16,19.5,1,Y
IDCJAC0011,086071,2013,02,17,19.8,1,Y
IDCJAC0011,086071,2013,02,18,21.2,1,Y
IDCJAC0011,086071,2013,02,19,20.5,1,Y
IDCJAC0011,086071,2013,02,20,15.8,1,Y
IDCJAC0011,086071,2013,02,21,17.3,1,Y
IDCJAC0011,086071,2013,02,22,20.7,1,Y
IDCJAC0011,086071,2013,02,23,19.4,1,Y
IDCJAC0011,086071,2013,02,24,19.4,1,Y
IDCJAC0011,086071,2013,02,25,22.2,1,Y
IDCJAC0011,086071,2013,02,26,17.3,1,Y
IDCJAC0011,086071,2013,02,27,17.7,1,Y
IDCJAC0011,086071,2013,02,28,14.2,1,Y
IDCJAC0011,086071,2013,03,01,14.4,1,Y
IDCJAC0011,086071,2013,03,02,14.9,1,Y
IDCJAC0011,086071,2013,03,03,13.9,1,Y
IDCJAC0011,086071,2013,03,04,17.3,1,Y
IDCJAC0011,086071,2013,03,05,18,1,Y
IDCJAC0011,086071,2013,03,06,18.8,1,Y
IDCJAC0011,086071,2013,03,07,22,1,Y
IDCJAC0011,086071,2013,03,08,21.1,1,Y
IDCJAC0011,086071,2013,03,09,21.9,1,Y
IDCJAC0011,086071,2013,03,10,23.3,1,Y
IDCJAC0011,086071,2013,03,11,20.6,1,Y
IDCJAC0011,086071,2013,03,12,22.3,1,Y
IDCJAC0011,086071,2013,03,13,26.5,1,Y
IDCJAC0011,086071,2013,03,14,16.1,1,Y
IDCJAC0011,086071,2013,03,15,17.8,1,Y
IDCJAC0011,086071,2013,03,16,17,1,Y
IDCJAC0011,086071,2013,03,17,11.5,1,Y
IDCJAC0011,086071,2013,03,18,12.5,1,Y
IDCJAC0011,086071,2013,03,19,11.4,1,Y
IDCJAC0011,086071,2013,03,20,13,1,Y
IDCJAC0011,086071,2013,03,21,16.2,1,Y
IDCJAC0011,086071,2013,03,22,14.7,1,Y
IDCJAC0011,086071,2013,03,23,14.8,1,Y
IDCJAC0011,086071,2013,03,24,16.5,1,Y
IDCJAC0011,086071,2013,03,25,13.7,1,Y
IDCJAC0011,086071,2013,03,26,16.2,1,Y
IDCJAC0011,086071,2013,03,27,19.2,1,Y
IDCJAC0011,086071,2013,03,28,15.6,1,Y
IDCJAC0011,086071,2013,03,29,10.9,1,Y
IDCJAC0011,086071,2013,03,30,12,1,Y
IDCJAC0011,086071,2013,03,31,13.9,1,Y
IDCJAC0011,086071,2013,04,01,9.5,1,N
IDCJAC0011,086071,2013,04,02,11.7,1,N
IDCJAC0011,086071,2013,04,03,14,1,N
IDCJAC0011,086071,2013,04,04,10.2,1,N
IDCJAC0011,086071,2013,04,05,10,1,N
IDCJAC0011,086071,2013,04,06,11.9,1,N
IDCJAC0011,086071,2013,04,07,14.1,1,N
IDCJAC0011,086071,2013,04,08,16.9,1,N
IDCJAC0011,086071,2013,04,09,14.1,1,N
IDCJAC0011,086071,2013,04,10,12.3,1,N
IDCJAC0011,086071,2013,04,11,14.6,1,N
IDCJAC0011,086071,2013,04,12,12,1,N
IDCJAC0011,086071,2013,04,13,15.3,1,N
IDCJAC0011,086071,2013,04,14,16.4,1,N
IDCJAC0011,086071,2013,04,15,13.8,1,N
IDCJAC0011,086071,2013,04,16,11.5,1,N
IDCJAC0011,086071,2013,04,17,11.6,1,N
IDCJAC0011,086071,2013,04,18,11.1,1,N
IDCJAC0011,086071,2013,04,19,9.8,1,N
IDCJAC0011,086071,2013,04,20,9.8,1,N
IDCJAC0011,086071,2013,04,21,6.9,1,N
IDCJAC0011,086071,2013,04,22,10.9,1,N
IDCJAC0011,086071,2013,04,23,12,1,N
IDCJAC0011,086071,2013,04,24,13.6,1,N
IDCJAC0011,086071,2013,04,25,10.8,1,N
IDCJAC0011,086071,2013,04,26,13.9,1,N
IDCJAC0011,086071,2013,04,27,14.7,1,N
IDCJAC0011,086071,2013,04,28,16.6,1,N
IDCJAC0011,086071,2013,04,29,10.6,1,N
IDCJAC0011,086071,2013,04,30,7.9,1,N
IDCJAC0011,086071,2013,05,01,9.3,1,Y
IDCJAC0011,086071,2013,05,02,7,1,Y
IDCJAC0011,086071,2013,05,03,9.3,1,Y
IDCJAC0011,086071,2013,05,04,11.3,1,Y
IDCJAC0011,086071,2013,05,05,11.3,1,Y
IDCJAC0011,086071,2013,05,06,5.7,1,Y
IDCJAC0011,086071,2013,05,07,7.2,1,Y
IDCJAC0011,086071,2013,05,08,10.5,1,Y
IDCJAC0011,086071,2013,05,09,13.5,1,Y
IDCJAC0011,086071,2013,05,10,12.7,1,Y
IDCJAC0011,086071,2013,05,11,13.5,1,Y
IDCJAC0011,086071,2013,05,12,16.5,1,Y
IDCJAC0011,086071,2013,05,13,14.3,1,Y
IDCJAC0011,086071,2013,05,14,7.8,1,Y
IDCJAC0011,086071,2013,05,15,9.3,1,Y
IDCJAC0011,086071,2013,05,16,10.3,1,Y
IDCJAC0011,086071,2013,05,17,9.8,1,Y
IDCJAC0011,086071,2013,05,18,10,1,Y
IDCJAC0011,086071,2013,05,19,9.1,1,Y
IDCJAC0011,086071,2013,05,20,10.7,1,Y
IDCJAC0011,086071,2013,05,21,7.4,1,Y
IDCJAC0011,086071,2013,05,22,6.3,1,Y
IDCJAC0011,086071,2013,05,23,5.6,1,Y
IDCJAC0011,086071,2013,05,24,4.9,1,Y
IDCJAC0011,086071,2013,05,25,7.9,1,Y
IDCJAC0011,086071,2013,05,26,11.1,1,Y
IDCJAC0011,086071,2013,05,27,11.7,1,Y
IDCJAC0011,086071,2013,05,28,5.2,1,Y
IDCJAC0011,086071,2013,05,29,7.2,1,Y
IDCJAC0011,086071,2013,05,30,12.1,1,Y
IDCJAC0011,086071,2013,05,31,14,1,Y
IDCJAC0011,086071,2013,06,01,13.7,1,Y
IDCJAC0011,086071,2013,06,02,10.3,1,Y
IDCJAC0011,086071,2013,06,03,10.3,1,Y
IDCJAC0011,086071,2013,06,04,11.8,1,Y
IDCJAC0011,086071,2013,06,05,12,1,Y
IDCJAC0011,086071,2013,06,06,12.5,1,Y
IDCJAC0011,086071,2013,06,07,10.9,1,Y
IDCJAC0011,086071,2013,06,08,4.9,1,Y
IDCJAC0011,086071,2013,06,09,6.1,1,Y
IDCJAC0011,086071,2013,06,10,6.8,1,Y
IDCJAC0011,086071,2013,06,11,9.7,1,Y
IDCJAC0011,086071,2013,06,12,9.4,1,Y
IDCJAC0011,086071,2013,06,13,10.8,1,Y
IDCJAC0011,086071,2013,06,14,11,1,Y
IDCJAC0011,086071,2013,06,15,9.7,1,Y
IDCJAC0011,086071,2013,06,16,9.3,1,Y
IDCJAC0011,086071,2013,06,17,7.2,1,Y
IDCJAC0011,086071,2013,06,18,8.5,1,Y
IDCJAC0011,086071,2013,06,19,4.8,1,Y
IDCJAC0011,086071,2013,06,20,2.3,1,Y
IDCJAC0011,086071,2013,06,21,3.2,1,Y
IDCJAC0011,086071,2013,06,22,2.9,1,Y
IDCJAC0011,086071,2013,06,23,1.5,1,Y
IDCJAC0011,086071,2013,06,24,2.1,1,Y
IDCJAC0011,086071,2013,06,25,4,1,Y
IDCJAC0011,086071,2013,06,26,2.9,1,Y
IDCJAC0011,086071,2013,06,27,4.7,1,Y
IDCJAC0011,086071,2013,06,28,6.7,1,Y
IDCJAC0011,086071,2013,06,29,6.7,1,Y
IDCJAC0011,086071,2013,06,30,5.4,1,Y
IDCJAC0011,086071,2013,07,01,7.4,1,Y
IDCJAC0011,086071,2013,07,02,12.7,1,Y
IDCJAC0011,086071,2013,07,03,9.9,1,Y
IDCJAC0011,086071,2013,07,04,9.6,1,Y
IDCJAC0011,086071,2013,07,05,9,1,Y
IDCJAC0011,086071,2013,07,06,9.4,1,Y
IDCJAC0011,086071,2013,07,07,6.3,1,Y
IDCJAC0011,086071,2013,07,08,4.3,1,Y
IDCJAC0011,086071,2013,07,09,3.1,1,Y
IDCJAC0011,086071,2013,07,10,3.1,1,Y
IDCJAC0011,086071,2013,07,11,4.2,1,Y
IDCJAC0011,086071,2013,07,12,5.9,1,Y
IDCJAC0011,086071,2013,07,13,8,1,Y
IDCJAC0011,086071,2013,07,14,10.8,1,Y
IDCJAC0011,086071,2013,07,15,12.5,1,Y
IDCJAC0011,086071,2013,07,16,10.6,1,Y
IDCJAC0011,086071,2013,07,17,10.5,1,Y
IDCJAC0011,086071,2013,07,18,12.9,1,Y
IDCJAC0011,086071,2013,07,19,14.3,1,Y
IDCJAC0011,086071,2013,07,20,7.9,1,Y
IDCJAC0011,086071,2013,07,21,5.7,1,Y
IDCJAC0011,086071,2013,07,22,6.4,1,Y
IDCJAC0011,086071,2013,07,23,8,1,Y
IDCJAC0011,086071,2013,07,24,10.6,1,Y
IDCJAC0011,086071,2013,07,25,4.1,1,Y
IDCJAC0011,086071,2013,07,26,7.8,1,Y
IDCJAC0011,086071,2013,07,27,9.3,1,Y
IDCJAC0011,086071,2013,07,28,10.5,1,Y
IDCJAC0011,086071,2013,07,29,12.2,1,Y
IDCJAC0011,086071,2013,07,30,10.3,1,Y
IDCJAC0011,086071,2013,07,31,3.6,1,Y
IDCJAC0011,086071,2013,08,01,5.2,1,Y
IDCJAC0011,086071,2013,08,02,7.7,1,Y
IDCJAC0011,086071,2013,08,03,7.2,1,Y
IDCJAC0011,086071,2013,08,04,8.3,1,Y
IDCJAC0011,086071,2013,08,05,9.4,1,Y
IDCJAC0011,086071,2013,08,06,11,1,Y
IDCJAC0011,086071,2013,08,07,6.9,1,Y
IDCJAC0011,086071,2013,08,08,7,1,Y
IDCJAC0011,086071,2013,08,09,8.3,1,Y
IDCJAC0011,086071,2013,08,10,8.8,1,Y
IDCJAC0011,086071,2013,08,11,8.4,1,Y
IDCJAC0011,086071,2013,08,12,10.5,1,Y
IDCJAC0011,086071,2013,08,13,8.4,1,Y
IDCJAC0011,086071,2013,08,14,10.7,1,Y
IDCJAC0011,086071,2013,08,15,7.4,1,Y
IDCJAC0011,086071,2013,08,16,10.5,1,Y
IDCJAC0011,086071,2013,08,17,9.4,1,Y
IDCJAC0011,086071,2013,08,18,10.9,1,Y
IDCJAC0011,086071,2013,08,19,7.6,1,Y
IDCJAC0011,086071,2013,08,20,5.3,1,Y
IDCJAC0011,086071,2013,08,21,6.8,1,Y
IDCJAC0011,086071,2013,08,22,9.4,1,Y
IDCJAC0011,086071,2013,08,23,11.1,1,Y
IDCJAC0011,086071,2013,08,24,10.3,1,Y
IDCJAC0011,086071,2013,08,25,11.5,1,Y
IDCJAC0011,086071,2013,08,26,10.9,1,Y
IDCJAC0011,086071,2013,08,27,9.1,1,Y
IDCJAC0011,086071,2013,08,28,11.3,1,Y
IDCJAC0011,086071,2013,08,29,13.9,1,Y
IDCJAC0011,086071,2013,08,30,14.6,1,Y
IDCJAC0011,086071,2013,08,31,10.6,1,Y
IDCJAC0011,086071,2013,09,01,14.5,1,N
IDCJAC0011,086071,2013,09,02,14.8,1,N
IDCJAC0011,086071,2013,09,03,10.6,1,N
IDCJAC0011,086071,2013,09,04,14.2,1,N
IDCJAC0011,086071,2013,09,05,19.7,1,N
IDCJAC0011,086071,2013,09,06,11.8,1,N
IDCJAC0011,086071,2013,09,07,8.8,1,N
IDCJAC0011,086071,2013,09,08,8.8,1,N
IDCJAC0011,086071,2013,09,09,11.5,1,N
IDCJAC0011,086071,2013,09,10,11.9,1,N
IDCJAC0011,086071,2013,09,11,11.2,1,N
IDCJAC0011,086071,2013,09,12,8.5,1,N
IDCJAC0011,086071,2013,09,13,3.9,1,N
IDCJAC0011,086071,2013,09,14,7.8,1,N
IDCJAC0011,086071,2013,09,15,10.4,1,N
IDCJAC0011,086071,2013,09,16,13,1,N
IDCJAC0011,086071,2013,09,17,12,1,N
IDCJAC0011,086071,2013,09,18,13.1,1,N
IDCJAC0011,086071,2013,09,19,10.2,1,N
IDCJAC0011,086071,2013,09,20,10.3,1,N
IDCJAC0011,086071,2013,09,21,6.4,1,N
IDCJAC0011,086071,2013,09,22,11.2,1,N
IDCJAC0011,086071,2013,09,23,9.9,1,N
IDCJAC0011,086071,2013,09,24,14.9,1,N
IDCJAC0011,086071,2013,09,25,16.5,1,N
IDCJAC0011,086071,2013,09,26,11.6,1,N
IDCJAC0011,086071,2013,09,27,7.2,1,N
IDCJAC0011,086071,2013,09,28,8.8,1,N
IDCJAC0011,086071,2013,09,29,7.6,1,N
IDCJAC0011,086071,2013,09,30,14.3,1,N
IDCJAC0011,086071,2013,10,01,11.6,1,Y
IDCJAC0011,086071,2013,10,02,9.8,1,Y
IDCJAC0011,086071,2013,10,03,8.2,1,Y
IDCJAC0011,086071,2013,10,04,5.8,1,Y
IDCJAC0011,086071,2013,10,05,12.8,1,Y
IDCJAC0011,086071,2013,10,06,13.5,1,Y
IDCJAC0011,086071,2013,10,07,9.3,1,Y
IDCJAC0011,086071,2013,10,08,11,1,Y
IDCJAC0011,086071,2013,10,09,13.6,1,Y
IDCJAC0011,086071,2013,10,10,16.4,1,Y
IDCJAC0011,086071,2013,10,11,10,1,Y
IDCJAC0011,086071,2013,10,12,11.3,1,Y
IDCJAC0011,086071,2013,10,13,12.3,1,Y
IDCJAC0011,086071,2013,10,14,7.6,1,Y
IDCJAC0011,086071,2013,10,15,9.4,1,Y
IDCJAC0011,086071,2013,10,16,12.9,1,Y
IDCJAC0011,086071,2013,10,17,10.8,1,Y
IDCJAC0011,086071,2013,10,18,6.6,1,Y
IDCJAC0011,086071,2013,10,19,12.2,1,Y
IDCJAC0011,086071,2013,10,20,17.3,1,Y
IDCJAC0011,086071,2013,10,21,14.8,1,Y
IDCJAC0011,086071,2013,10,22,12.3,1,Y
IDCJAC0011,086071,2013,10,23,12.9,1,Y
IDCJAC0011,086071,2013,10,24,7.2,1,Y
IDCJAC0011,086071,2013,10,25,7.5,1,Y
IDCJAC0011,086071,2013,10,26,10.2,1,Y
IDCJAC0011,086071,2013,10,27,9.9,1,Y
IDCJAC0011,086071,2013,10,28,11.3,1,Y
IDCJAC0011,086071,2013,10,29,11.7,1,Y
IDCJAC0011,086071,2013,10,30,12.2,1,Y
IDCJAC0011,086071,2013,10,31,12.3,1,Y
IDCJAC0011,086071,2013,11,01,9.5,1,Y
IDCJAC0011,086071,2013,11,02,12.8,1,Y
IDCJAC0011,086071,2013,11,03,13.3,1,Y
IDCJAC0011,086071,2013,11,04,10.3,1,Y
IDCJAC0011,086071,2013,11,05,9.1,1,Y
IDCJAC0011,086071,2013,11,06,12.2,1,Y
IDCJAC0011,086071,2013,11,07,20.2,1,Y
IDCJAC0011,086071,2013,11,08,14.4,1,Y
IDCJAC0011,086071,2013,11,09,10.3,1,Y
IDCJAC0011,086071,2013,11,10,9.7,1,Y
IDCJAC0011,086071,2013,11,11,9.8,1,Y
IDCJAC0011,086071,2013,11,12,12.4,1,Y
IDCJAC0011,086071,2013,11,13,10,1,Y
IDCJAC0011,086071,2013,11,14,10.7,1,Y
IDCJAC0011,086071,2013,11,15,11.6,1,Y
IDCJAC0011,086071,2013,11,16,10.7,1,Y
IDCJAC0011,086071,2013,11,17,9.6,1,Y
IDCJAC0011,086071,2013,11,18,11.5,1,Y
IDCJAC0011,086071,2013,11,19,14.7,1,Y
IDCJAC0011,086071,2013,11,20,14.4,1,Y
IDCJAC0011,086071,2013,11,21,11.9,1,Y
IDCJAC0011,086071,2013,11,22,13.3,1,Y
IDCJAC0011,086071,2013,11,23,13.1,1,Y
IDCJAC0011,086071,2013,11,24,11.7,1,Y
IDCJAC0011,086071,2013,11,25,13.2,1,Y
IDCJAC0011,086071,2013,11,26,10.3,1,Y
IDCJAC0011,086071,2013,11,27,15.7,1,Y
IDCJAC0011,086071,2013,11,28,21.8,1,Y
IDCJAC0011,086071,2013,11,29,12,1,Y
IDCJAC0011,086071,2013,11,30,12.3,1,Y
IDCJAC0011,086071,2013,12,01,10.1,1,Y
IDCJAC0011,086071,2013,12,02,16.6,1,Y
IDCJAC0011,086071,2013,12,03,16.9,1,Y
IDCJAC0011,086071,2013,12,04,17.2,1,Y
IDCJAC0011,086071,2013,12,05,10.7,1,Y
IDCJAC0011,086071,2013,12,06,7.9,1,Y
IDCJAC0011,086071,2013,12,07,11,1,Y
IDCJAC0011,086071,2013,12,08,16.3,1,Y
IDCJAC0011,086071,2013,12,09,16.3,1,Y
IDCJAC0011,086071,2013,12,10,12.5,1,Y
IDCJAC0011,086071,2013,12,11,13.7,1,Y
IDCJAC0011,086071,2013,12,12,11,1,Y
IDCJAC0011,086071,2013,12,13,14.4,1,Y
IDCJAC0011,086071,2013,12,14,14.4,1,Y
IDCJAC0011,086071,2013,12,15,14,1,Y
IDCJAC0011,086071,2013,12,16,14.8,1,Y
IDCJAC0011,086071,2013,12,17,14.2,1,Y
IDCJAC0011,086071,2013,12,18,13.9,1,Y
IDCJAC0011,086071,2013,12,19,15.7,1,Y
IDCJAC0011,086071,2013,12,20,21.3,1,Y
IDCJAC0011,086071,2013,12,21,15.1,1,Y
IDCJAC0011,086071,2013,12,22,16.6,1,Y
IDCJAC0011,086071,2013,12,23,14.6,1,Y
IDCJAC0011,086071,2013,12,24,13.5,1,Y
IDCJAC0011,086071,2013,12,25,12.3,1,Y
IDCJAC0011,086071,2013,12,26,17.7,1,Y
IDCJAC0011,086071,2013,12,27,16.4,1,Y
IDCJAC0011,086071,2013,12,28,14.8,1,Y
IDCJAC0011,086071,2013,12,29,14.4,1,Y
IDCJAC0011,086071,2013,12,30,11.6,1,Y
IDCJAC0011,086071,2013,12,31,12,1,Y
IDCJAC0011,086071,2014,01,01,16.2,1,Y
IDCJAC0011,086071,2014,01,02,15.2,1,Y
IDCJAC0011,086071,2014,01,03,13.9,1,Y
IDCJAC0011,086071,2014,01,04,13.4,1,Y
IDCJAC0011,086071,2014,01,05,10.9,1,Y
IDCJAC0011,086071,2014,01,06,12.7,1,Y
IDCJAC0011,086071,2014,01,07,14,1,Y
IDCJAC0011,086071,2014,01,08,11.7,1,Y
IDCJAC0011,086071,2014,01,09,14.3,1,Y
IDCJAC0011,086071,2014,01,10,18.3,1,Y
IDCJAC0011,086071,2014,01,11,17.8,1,Y
IDCJAC0011,086071,2014,01,12,16.5,1,Y
IDCJAC0011,086071,2014,01,13,15.2,1,Y
IDCJAC0011,086071,2014,01,14,18.3,1,Y
IDCJAC0011,086071,2014,01,15,28.6,1,Y
IDCJAC0011,086071,2014,01,16,27,1,Y
IDCJAC0011,086071,2014,01,17,25.6,1,Y
IDCJAC0011,086071,2014,01,18,21.5,1,Y
IDCJAC0011,086071,2014,01,19,16.2,1,Y
IDCJAC0011,086071,2014,01,20,17,1,Y
IDCJAC0011,086071,2014,01,21,16.8,1,Y
IDCJAC0011,086071,2014,01,22,16.2,1,Y
IDCJAC0011,086071,2014,01,23,13.6,1,Y
IDCJAC0011,086071,2014,01,24,16.9,1,Y
IDCJAC0011,086071,2014,01,25,15.5,1,Y
IDCJAC0011,086071,2014,01,26,13,1,Y
IDCJAC0011,086071,2014,01,27,16.9,1,Y
IDCJAC0011,086071,2014,01,28,24.5,1,Y
IDCJAC0011,086071,2014,01,29,18.4,1,Y
IDCJAC0011,086071,2014,01,30,16,1,Y
IDCJAC0011,086071,2014,01,31,18.6,1,Y
IDCJAC0011,086071,2014,02,01,18.6,1,Y
IDCJAC0011,086071,2014,02,02,18.3,1,Y
IDCJAC0011,086071,2014,02,03,22.7,1,Y
IDCJAC0011,086071,2014,02,04,14.8,1,Y
IDCJAC0011,086071,2014,02,05,13.9,1,Y
IDCJAC0011,086071,2014,02,06,17.4,1,Y
IDCJAC0011,086071,2014,02,07,22.9,1,Y
IDCJAC0011,086071,2014,02,08,18.6,1,Y
IDCJAC0011,086071,2014,02,09,22.2,1,Y
IDCJAC0011,086071,2014,02,10,15.9,1,Y
IDCJAC0011,086071,2014,02,11,14.6,1,Y
IDCJAC0011,086071,2014,02,12,17.1,1,Y
IDCJAC0011,086071,2014,02,13,18.9,1,Y
IDCJAC0011,086071,2014,02,14,19.4,1,Y
IDCJAC0011,086071,2014,02,15,21,1,Y
IDCJAC0011,086071,2014,02,16,17.1,1,Y
IDCJAC0011,086071,2014,02,17,16.2,1,Y
IDCJAC0011,086071,2014,02,18,14.5,1,Y
IDCJAC0011,086071,2014,02,19,17.5,1,Y
IDCJAC0011,086071,2014,02,20,12.6,1,Y
IDCJAC0011,086071,2014,02,21,13.2,1,Y
IDCJAC0011,086071,2014,02,22,14.2,1,Y
IDCJAC0011,086071,2014,02,23,14.2,1,Y
IDCJAC0011,086071,2014,02,24,14.6,1,Y
IDCJAC0011,086071,2014,02,25,15.5,1,Y
IDCJAC0011,086071,2014,02,26,15.1,1,Y
IDCJAC0011,086071,2014,02,27,14.4,1,Y
IDCJAC0011,086071,2014,02,28,13.8,1,Y
IDCJAC0011,086071,2014,03,01,15.9,1,Y
IDCJAC0011,086071,2014,03,02,16.9,1,Y
IDCJAC0011,086071,2014,03,03,15.7,1,Y
IDCJAC0011,086071,2014,03,04,16,1,Y
IDCJAC0011,086071,2014,03,05,19.5,1,Y
IDCJAC0011,086071,2014,03,06,14.3,1,Y
IDCJAC0011,086071,2014,03,07,14.3,1,Y
IDCJAC0011,086071,2014,03,08,15,1,Y
IDCJAC0011,086071,2014,03,09,16.5,1,Y
IDCJAC0011,086071,2014,03,10,21.3,1,Y
IDCJAC0011,086071,2014,03,11,19.3,1,Y
IDCJAC0011,086071,2014,03,12,16.7,1,Y
IDCJAC0011,086071,2014,03,13,13.7,1,Y
IDCJAC0011,086071,2014,03,14,14.9,1,Y
IDCJAC0011,086071,2014,03,15,17.3,1,Y
IDCJAC0011,086071,2014,03,16,13.7,1,Y
IDCJAC0011,086071,2014,03,17,14.2,1,Y
IDCJAC0011,086071,2014,03,18,15.9,1,Y
IDCJAC0011,086071,2014,03,19,13.7,1,Y
IDCJAC0011,086071,2014,03,20,11.2,1,Y
IDCJAC0011,086071,2014,03,21,14.6,1,Y
IDCJAC0011,086071,2014,03,22,13.3,1,Y
IDCJAC0011,086071,2014,03,23,13.9,1,Y
IDCJAC0011,086071,2014,03,24,12.5,1,Y
IDCJAC0011,086071,2014,03,25,12.1,1,Y
IDCJAC0011,086071,2014,03,26,14.1,1,Y
IDCJAC0011,086071,2014,03,27,17.1,1,Y
IDCJAC0011,086071,2014,03,28,17.1,1,Y
IDCJAC0011,086071,2014,03,29,12.7,1,Y
IDCJAC0011,086071,2014,03,30,14.6,1,Y
IDCJAC0011,086071,2014,03,31,16.6,1,Y
IDCJAC0011,086071,2014,04,01,18.9,1,Y
IDCJAC0011,086071,2014,04,02,23,1,Y
IDCJAC0011,086071,2014,04,03,15.1,1,Y
IDCJAC0011,086071,2014,04,04,14.6,1,Y
IDCJAC0011,086071,2014,04,05,15,1,Y
IDCJAC0011,086071,2014,04,06,12.5,1,Y
IDCJAC0011,086071,2014,04,07,13.3,1,Y
IDCJAC0011,086071,2014,04,08,16.6,1,Y
IDCJAC0011,086071,2014,04,09,16.7,1,Y
IDCJAC0011,086071,2014,04,10,16.5,1,Y
IDCJAC0011,086071,2014,04,11,17,1,Y
IDCJAC0011,086071,2014,04,12,15.5,1,Y
IDCJAC0011,086071,2014,04,13,13,1,Y
IDCJAC0011,086071,2014,04,14,12.5,1,Y
IDCJAC0011,086071,2014,04,15,12.6,1,Y
IDCJAC0011,086071,2014,04,16,10,1,Y
IDCJAC0011,086071,2014,04,17,11.2,1,Y
IDCJAC0011,086071,2014,04,18,13.9,1,Y
IDCJAC0011,086071,2014,04,19,11.7,1,Y
IDCJAC0011,086071,2014,04,20,12.7,1,Y
IDCJAC0011,086071,2014,04,21,12.5,1,Y
IDCJAC0011,086071,2014,04,22,13.3,1,Y
IDCJAC0011,086071,2014,04,23,11.9,1,Y
IDCJAC0011,086071,2014,04,24,12.3,1,Y
IDCJAC0011,086071,2014,04,25,6.5,1,Y
IDCJAC0011,086071,2014,04,26,9,1,Y
IDCJAC0011,086071,2014,04,27,9.5,1,Y
IDCJAC0011,086071,2014,04,28,6.5,1,Y
IDCJAC0011,086071,2014,04,29,13.9,1,Y
IDCJAC0011,086071,2014,04,30,10.5,1,Y
IDCJAC0011,086071,2014,05,01,6.3,1,Y
IDCJAC0011,086071,2014,05,02,9.1,1,Y
IDCJAC0011,086071,2014,05,03,10.1,1,Y
IDCJAC0011,086071,2014,05,04,8.7,1,Y
IDCJAC0011,086071,2014,05,05,9.8,1,Y
IDCJAC0011,086071,2014,05,06,10.7,1,Y
IDCJAC0011,086071,2014,05,07,9.7,1,Y
IDCJAC0011,086071,2014,05,08,4.3,1,Y
IDCJAC0011,086071,2014,05,09,7,1,Y
IDCJAC0011,086071,2014,05,10,12.1,1,Y
IDCJAC0011,086071,2014,05,11,9.7,1,Y
IDCJAC0011,086071,2014,05,12,7.8,1,Y
IDCJAC0011,086071,2014,05,13,8.3,1,Y
IDCJAC0011,086071,2014,05,14,8.7,1,Y
IDCJAC0011,086071,2014,05,15,13.9,1,Y
IDCJAC0011,086071,2014,05,16,16.8,1,Y
IDCJAC0011,086071,2014,05,17,16.8,1,Y
IDCJAC0011,086071,2014,05,18,17.3,1,Y
IDCJAC0011,086071,2014,05,19,17.4,1,Y
IDCJAC0011,086071,2014,05,20,14.2,1,Y
IDCJAC0011,086071,2014,05,21,11,1,Y
IDCJAC0011,086071,2014,05,22,12.5,1,Y
IDCJAC0011,086071,2014,05,23,15.5,1,Y
IDCJAC0011,086071,2014,05,24,10.9,1,Y
IDCJAC0011,086071,2014,05,25,12.2,1,Y
IDCJAC0011,086071,2014,05,26,12.3,1,Y
IDCJAC0011,086071,2014,05,27,15.8,1,Y
IDCJAC0011,086071,2014,05,28,13,1,Y
IDCJAC0011,086071,2014,05,29,9.8,1,Y
IDCJAC0011,086071,2014,05,30,6.4,1,Y
IDCJAC0011,086071,2014,05,31,7,1,Y
IDCJAC0011,086071,2014,06,01,11.4,1,Y
IDCJAC0011,086071,2014,06,02,11.5,1,Y
IDCJAC0011,086071,2014,06,03,12.6,1,Y
IDCJAC0011,086071,2014,06,04,10.8,1,Y
IDCJAC0011,086071,2014,06,05,11.9,1,Y
IDCJAC0011,086071,2014,06,06,8.5,1,Y
IDCJAC0011,086071,2014,06,07,10.5,1,Y
IDCJAC0011,086071,2014,06,08,11.2,1,Y
IDCJAC0011,086071,2014,06,09,8.6,1,Y
IDCJAC0011,086071,2014,06,10,9.7,1,Y
IDCJAC0011,086071,2014,06,11,6.9,1,Y
IDCJAC0011,086071,2014,06,12,9.2,1,Y
IDCJAC0011,086071,2014,06,13,12.2,1,Y
IDCJAC0011,086071,2014,06,14,10.3,1,Y
IDCJAC0011,086071,2014,06,15,9.9,1,Y
IDCJAC0011,086071,2014,06,16,10.4,1,Y
IDCJAC0011,086071,2014,06,17,10.1,1,Y
IDCJAC0011,086071,2014,06,18,11.1,1,Y
IDCJAC0011,086071,2014,06,19,8,1,Y
IDCJAC0011,086071,2014,06,20,9.3,1,Y
IDCJAC0011,086071,2014,06,21,11.3,1,Y
IDCJAC0011,086071,2014,06,22,7.7,1,Y
IDCJAC0011,086071,2014,06,23,8.5,1,Y
IDCJAC0011,086071,2014,06,24,7.1,1,Y
IDCJAC0011,086071,2014,06,25,8.6,1,Y
IDCJAC0011,086071,2014,06,26,11.2,1,Y
IDCJAC0011,086071,2014,06,27,11,1,Y
IDCJAC0011,086071,2014,06,28,9.6,1,Y
IDCJAC0011,086071,2014,06,29,8.8,1,Y
IDCJAC0011,086071,2014,06,30,6.5,1,Y
IDCJAC0011,086071,2014,07,01,8.3,1,Y
IDCJAC0011,086071,2014,07,02,10.8,1,Y
IDCJAC0011,086071,2014,07,03,7.7,1,Y
IDCJAC0011,086071,2014,07,04,8.2,1,Y
IDCJAC0011,086071,2014,07,05,8.6,1,Y
IDCJAC0011,086071,2014,07,06,10.3,1,Y
IDCJAC0011,086071,2014,07,07,9,1,Y
IDCJAC0011,086071,2014,07,08,9.2,1,Y
IDCJAC0011,086071,2014,07,09,9.3,1,Y
IDCJAC0011,086071,2014,07,10,7.7,1,Y
IDCJAC0011,086071,2014,07,11,8,1,Y
IDCJAC0011,086071,2014,07,12,7.2,1,Y
IDCJAC0011,086071,2014,07,13,5.2,1,Y
IDCJAC0011,086071,2014,07,14,6.9,1,Y
IDCJAC0011,086071,2014,07,15,8.3,1,Y
IDCJAC0011,086071,2014,07,16,9.7,1,Y
IDCJAC0011,086071,2014,07,17,8.8,1,Y
IDCJAC0011,086071,2014,07,18,5.9,1,Y
IDCJAC0011,086071,2014,07,19,8.5,1,Y
IDCJAC0011,086071,2014,07,20,7.9,1,Y
IDCJAC0011,086071,2014,07,21,4.9,1,Y
IDCJAC0011,086071,2014,07,22,5.6,1,Y
IDCJAC0011,086071,2014,07,23,4.5,1,Y
IDCJAC0011,086071,2014,07,24,4.5,1,Y
IDCJAC0011,086071,2014,07,25,8.8,1,Y
IDCJAC0011,086071,2014,07,26,12.3,1,Y
IDCJAC0011,086071,2014,07,27,7,1,Y
IDCJAC0011,086071,2014,07,28,9.7,1,Y
IDCJAC0011,086071,2014,07,29,11.4,1,Y
IDCJAC0011,086071,2014,07,30,11.9,1,Y
IDCJAC0011,086071,2014,07,31,13.7,1,Y
IDCJAC0011,086071,2014,08,01,6,1,Y
IDCJAC0011,086071,2014,08,02,4.7,1,Y
IDCJAC0011,086071,2014,08,03,1.4,1,Y
IDCJAC0011,086071,2014,08,04,1.8,1,Y
IDCJAC0011,086071,2014,08,05,4.4,1,Y
IDCJAC0011,086071,2014,08,06,10.6,1,Y
IDCJAC0011,086071,2014,08,07,10.7,1,Y
IDCJAC0011,086071,2014,08,08,10.7,1,Y
IDCJAC0011,086071,2014,08,09,8.1,1,Y
IDCJAC0011,086071,2014,08,10,9.4,1,Y
IDCJAC0011,086071,2014,08,11,5.8,1,Y
IDCJAC0011,086071,2014,08,12,6.4,1,Y
IDCJAC0011,086071,2014,08,13,8.1,1,Y
IDCJAC0011,086071,2014,08,14,10,1,Y
IDCJAC0011,086071,2014,08,15,4,1,Y
IDCJAC0011,086071,2014,08,16,5.9,1,Y
IDCJAC0011,086071,2014,08,17,7.5,1,Y
IDCJAC0011,086071,2014,08,18,9.9,1,Y
IDCJAC0011,086071,2014,08,19,10.7,1,Y
IDCJAC0011,086071,2014,08,20,10.2,1,Y
IDCJAC0011,086071,2014,08,21,8.4,1,Y
IDCJAC0011,086071,2014,08,22,7.2,1,Y
IDCJAC0011,086071,2014,08,23,7.3,1,Y
IDCJAC0011,086071,2014,08,24,11,1,Y
IDCJAC0011,086071,2014,08,25,10.7,1,Y
IDCJAC0011,086071,2014,08,26,7.8,1,Y
IDCJAC0011,086071,2014,08,27,7.1,1,Y
IDCJAC0011,086071,2014,08,28,8.1,1,Y
IDCJAC0011,086071,2014,08,29,8,1,Y
IDCJAC0011,086071,2014,08,30,11.2,1,Y
IDCJAC0011,086071,2014,08,31,10.8,1,Y
IDCJAC0011,086071,2014,09,01,15,1,Y
IDCJAC0011,086071,2014,09,02,9.1,1,Y
IDCJAC0011,086071,2014,09,03,7.8,1,Y
IDCJAC0011,086071,2014,09,04,5.7,1,Y
IDCJAC0011,086071,2014,09,05,5,1,Y
IDCJAC0011,086071,2014,09,06,6.3,1,Y
IDCJAC0011,086071,2014,09,07,6.6,1,Y
IDCJAC0011,086071,2014,09,08,10.8,1,Y
IDCJAC0011,086071,2014,09,09,15.6,1,Y
IDCJAC0011,086071,2014,09,10,11.4,1,Y
IDCJAC0011,086071,2014,09,11,11.5,1,Y
IDCJAC0011,086071,2014,09,12,6.3,1,Y
IDCJAC0011,086071,2014,09,13,6.6,1,Y
IDCJAC0011,086071,2014,09,14,7.3,1,Y
IDCJAC0011,086071,2014,09,15,9.3,1,Y
IDCJAC0011,086071,2014,09,16,11.2,1,Y
IDCJAC0011,086071,2014,09,17,8.9,1,Y
IDCJAC0011,086071,2014,09,18,7.7,1,Y
IDCJAC0011,086071,2014,09,19,8.6,1,Y
IDCJAC0011,086071,2014,09,20,10,1,Y
IDCJAC0011,086071,2014,09,21,11.7,1,Y
IDCJAC0011,086071,2014,09,22,5.6,1,Y
IDCJAC0011,086071,2014,09,23,10.2,1,Y
IDCJAC0011,086071,2014,09,24,15.2,1,Y
IDCJAC0011,086071,2014,09,25,13.6,1,Y
IDCJAC0011,086071,2014,09,26,10.7,1,Y
IDCJAC0011,086071,2014,09,27,8.8,1,Y
IDCJAC0011,086071,2014,09,28,15.5,1,Y
IDCJAC0011,086071,2014,09,29,14.4,1,Y
IDCJAC0011,086071,2014,09,30,14.2,1,Y
IDCJAC0011,086071,2014,10,01,7.1,1,Y
IDCJAC0011,086071,2014,10,02,9.4,1,Y
IDCJAC0011,086071,2014,10,03,10.8,1,Y
IDCJAC0011,086071,2014,10,04,9,1,Y
IDCJAC0011,086071,2014,10,05,13.9,1,Y
IDCJAC0011,086071,2014,10,06,9.3,1,Y
IDCJAC0011,086071,2014,10,07,12.2,1,Y
IDCJAC0011,086071,2014,10,08,8.8,1,Y
IDCJAC0011,086071,2014,10,09,9.8,1,Y
IDCJAC0011,086071,2014,10,10,13.6,1,Y
IDCJAC0011,086071,2014,10,11,13.9,1,Y
IDCJAC0011,086071,2014,10,12,10.3,1,Y
IDCJAC0011,086071,2014,10,13,10.2,1,Y
IDCJAC0011,086071,2014,10,14,8.6,1,Y
IDCJAC0011,086071,2014,10,15,8.4,1,Y
IDCJAC0011,086071,2014,10,16,10.8,1,Y
IDCJAC0011,086071,2014,10,17,10.6,1,Y
IDCJAC0011,086071,2014,10,18,8.7,1,Y
IDCJAC0011,086071,2014,10,19,14.7,1,Y
IDCJAC0011,086071,2014,10,20,10.8,1,Y
IDCJAC0011,086071,2014,10,21,8.3,1,Y
IDCJAC0011,086071,2014,10,22,14,1,Y
IDCJAC0011,086071,2014,10,23,15.2,1,Y
IDCJAC0011,086071,2014,10,24,15.2,1,Y
IDCJAC0011,086071,2014,10,25,14.6,1,Y
IDCJAC0011,086071,2014,10,26,13.9,1,Y
IDCJAC0011,086071,2014,10,27,13.8,1,Y
IDCJAC0011,086071,2014,10,28,11.5,1,Y
IDCJAC0011,086071,2014,10,29,10.9,1,Y
IDCJAC0011,086071,2014,10,30,13.7,1,Y
IDCJAC0011,086071,2014,10,31,10.8,1,Y
IDCJAC0011,086071,2014,11,01,13.6,1,Y
IDCJAC0011,086071,2014,11,02,9,1,Y
IDCJAC0011,086071,2014,11,03,10.5,1,Y
IDCJAC0011,086071,2014,11,04,13.3,1,Y
IDCJAC0011,086071,2014,11,05,13,1,Y
IDCJAC0011,086071,2014,11,06,11,1,Y
IDCJAC0011,086071,2014,11,07,11.6,1,Y
IDCJAC0011,086071,2014,11,08,19.3,1,Y
IDCJAC0011,086071,2014,11,09,13.1,1,Y
IDCJAC0011,086071,2014,11,10,11.6,1,Y
IDCJAC0011,086071,2014,11,11,12.8,1,Y
IDCJAC0011,086071,2014,11,12,9.5,1,Y
IDCJAC0011,086071,2014,11,13,13.3,1,Y
IDCJAC0011,086071,2014,11,14,18.9,1,Y
IDCJAC0011,086071,2014,11,15,12.4,1,Y
IDCJAC0011,086071,2014,11,16,10.9,1,Y
IDCJAC0011,086071,2014,11,17,12.4,1,Y
IDCJAC0011,086071,2014,11,18,11.3,1,Y
IDCJAC0011,086071,2014,11,19,11.6,1,Y
IDCJAC0011,086071,2014,11,20,16.2,1,Y
IDCJAC0011,086071,2014,11,21,16.8,1,Y
IDCJAC0011,086071,2014,11,22,13.4,1,Y
IDCJAC0011,086071,2014,11,23,17,1,Y
IDCJAC0011,086071,2014,11,24,15.7,1,Y
IDCJAC0011,086071,2014,11,25,11,1,Y
IDCJAC0011,086071,2014,11,26,11.8,1,Y
IDCJAC0011,086071,2014,11,27,13.2,1,Y
IDCJAC0011,086071,2014,11,28,12.1,1,Y
IDCJAC0011,086071,2014,11,29,13.3,1,Y
IDCJAC0011,086071,2014,11,30,15.5,1,Y
IDCJAC0011,086071,2014,12,01,21.1,1,Y
IDCJAC0011,086071,2014,12,02,16.7,1,Y
IDCJAC0011,086071,2014,12,03,16.5,1,Y
IDCJAC0011,086071,2014,12,04,17.6,1,Y
IDCJAC0011,086071,2014,12,05,17.7,1,Y
IDCJAC0011,086071,2014,12,06,15.6,1,Y
IDCJAC0011,086071,2014,12,07,13.8,1,Y
IDCJAC0011,086071,2014,12,08,14,1,Y
IDCJAC0011,086071,2014,12,09,15.5,1,Y
IDCJAC0011,086071,2014,12,10,13.7,1,Y
IDCJAC0011,086071,2014,12,11,16.3,1,Y
IDCJAC0011,086071,2014,12,12,14.3,1,Y
IDCJAC0011,086071,2014,12,13,15.1,1,Y
IDCJAC0011,086071,2014,12,14,21.4,1,Y
IDCJAC0011,086071,2014,12,15,16.7,1,Y
IDCJAC0011,086071,2014,12,16,16.6,1,Y
IDCJAC0011,086071,2014,12,17,12.2,1,Y
IDCJAC0011,086071,2014,12,18,12.1,1,Y
IDCJAC0011,086071,2014,12,19,11.3,1,Y
IDCJAC0011,086071,2014,12,20,12.6,1,Y
IDCJAC0011,086071,2014,12,21,13.7,1,Y
IDCJAC0011,086071,2014,12,22,17.9,1,Y
IDCJAC0011,086071,2014,12,23,19.9,1,Y
IDCJAC0011,086071,2014,12,24,14.4,1,Y
IDCJAC0011,086071,2014,12,25,14.4,1,Y
IDCJAC0011,086071,2014,12,26,10.9,1,Y
IDCJAC0011,086071,2014,12,27,12.2,1,Y
IDCJAC0011,086071,2014,12,28,13.4,1,Y
IDCJAC0011,086071,2014,12,29,17.5,1,Y
IDCJAC0011,086071,2014,12,30,13.4,1,Y
IDCJAC0011,086071,2014,12,31,11.9,1,Y
IDCJAC0011,086071,2015,01,01,14,1,Y
IDCJAC0011,086071,2015,01,02,15.9,1,Y
IDCJAC0011,086071,2015,01,03,20.8,1,Y
IDCJAC0011,086071,2015,01,04,16.4,1,Y
IDCJAC0011,086071,2015,01,05,15.6,1,Y
IDCJAC0011,086071,2015,01,06,17.6,1,Y